Model,Train Accuracy,Train AUC,Train Sensitivity,Train Specificity,Train MCC,Train Kappa,Test Accuracy,Test AUC,Test Sensitivity,Test Specificity,Test MCC,Test Kappa
Random Forest,0.5640306122448979,0.7941605066605067,0.5640306122448979,0.575564175053971,0.4221353740089989,0.4184153681443924,0.5573770491803278,0.7835748792270532,0.5573770491803278,0.5616579279219487,0.41223288283613907,0.41031149301826
SVM,0.5761904761904761,0.8105490105490105,0.5761904761904761,0.5701233680986635,0.43765203184555157,0.43477165781704114,0.6557377049180327,0.7881038647342995,0.6557377049180327,0.673155737704918,0.5440517522849754,0.5415175375805297
Extra Trees,0.5883503401360544,0.8246989778239779,0.5883503401360544,0.5950752054901215,0.453987236166898,0.45065460953440917,0.5573770491803278,0.8060235507246377,0.5573770491803278,0.567452860752932,0.41811631492789714,0.4107334525939177
XGBoost,0.48971088435374144,0.7427694521444521,0.48971088435374144,0.5041943332356867,0.3259606575157871,0.32005718451726206,0.47540983606557374,0.7340730676328503,0.47540983606557374,0.46663000502517327,0.30216022825685585,0.30085959885386815
KNN,0.48937074829931965,0.7108696436821436,0.48937074829931965,0.48348788216585337,0.32476896110299414,0.3186042591564928,0.4918032786885246,0.6890549516908213,0.4918032786885246,0.49465431218816824,0.3280347030273543,0.32295023272466883
LightGBM,0.5267857142857142,0.7690989065989066,0.5267857142857142,0.538009220171585,0.37547841129533077,0.36940798226164084,0.5409836065573771,0.7784873188405798,0.5409836065573771,0.538917206226753,0.3888092822511862,0.38825214899713467
Gradient Boosting,0.5018707482993198,0.7470350157850157,0.5018707482993198,0.49774785238770836,0.34012771986810464,0.335971387383916,0.4918032786885246,0.7177838164251208,0.4918032786885246,0.49612682399567637,0.32587734507644495,0.32295023272466883
Naive Bayes,0.36632653061224485,0.645865577115577,0.36632653061224485,0.2982214651751855,0.1713168041729593,0.15551606958135222,0.3770491803278688,0.6605374396135266,0.3770491803278688,0.422287346404451,0.18086820136693152,0.16828130606386782
MLP,0.575765306122449,0.7572165915915916,0.575765306122449,0.5616935145686646,0.43781383839122096,0.4340945186972269,0.6557377049180327,0.7840277777777778,0.6557377049180327,0.6543715846994536,0.5412186379928315,0.5410247223217484
